{
  "version": 2,
  "options": {},
  "sources": [
    {
      "uuid": "a55dd846-3a9c-4000-9014-0f8d83904c18",
      "relativePath": "dataRecursiveZip/a.txt",
      "baseURL": "ium:/",
      "lastModified": 1686746867158,
      "size": 1,
      "options": {}
    },
    {
      "uuid": "ae58e535-e355-4187-aa14-8ff56045ef77",
      "relativePath": "dataRecursiveZip/data.zip",
      "baseURL": "ium:/",
      "lastModified": 1686746867158,
      "size": 2241,
      "options": {}
    }
  ],
  "paths": {
    "a55dd846-3a9c-4000-9014-0f8d83904c18": "data/dataRecursiveZip/a.txt",
    "ae58e535-e355-4187-aa14-8ff56045ef77": "data/dataRecursiveZip/data.zip"
  }
}